{"cameraMode":{"drawMode":0,"name":"Shaded","section":"Shading Mode"},"sceneLighting":true,"audioPlay":false,"sceneViewState":{"showFog":true,"showMaterialUpdate":false,"showSkybox":true,"showFlares":true,"showImageEffects":true,"showParticleSystems":true},"in2DMode":false,"pivot":{"x":-29.459999084472658,"y":9.1899995803833,"z":25.799999237060548},"rotation":{"x":0.20565514266490937,"y":-0.7658386826515198,"z":0.29562872648239138,"w":0.5327499508857727},"size":23.33452606201172,"orthographic":true}