{"cameraMode":{"drawMode":0,"name":"Shaded","section":"Shading Mode"},"sceneLighting":true,"audioPlay":false,"sceneViewState":{"showFog":true,"showMaterialUpdate":false,"showSkybox":false,"showFlares":true,"showImageEffects":true,"showParticleSystems":true},"in2DMode":false,"pivot":{"x":-24.272781372070314,"y":-3.910137176513672,"z":40.40971374511719},"rotation":{"x":0.5173614025115967,"y":-0.01796836405992508,"z":0.01086615864187479,"w":0.8555100560188294},"size":321.21246337890627,"orthographic":true}