{"cameraMode":{"drawMode":0,"name":"Shaded","section":"Shading Mode"},"sceneLighting":true,"audioPlay":false,"sceneViewState":{"showFog":true,"showMaterialUpdate":false,"showSkybox":true,"showFlares":true,"showImageEffects":true,"showParticleSystems":true},"in2DMode":false,"pivot":{"x":400.8018798828125,"y":43.595848083496097,"z":111.2396011352539},"rotation":{"x":0.3472746014595032,"y":0.14821530878543855,"z":-0.05568680167198181,"w":0.9243027567863464},"size":472.82196044921877,"orthographic":true}