{"cameraMode":{"drawMode":0,"name":"Shaded","section":"Shading Mode"},"sceneLighting":true,"audioPlay":false,"sceneViewState":{"showFog":true,"showMaterialUpdate":false,"showSkybox":false,"showFlares":true,"showImageEffects":true,"showParticleSystems":true},"in2DMode":false,"pivot":{"x":0.14449501037597657,"y":1.2579532861709595,"z":0.28426098823547366},"rotation":{"x":0.424356609582901,"y":0.04750227928161621,"z":-0.02229923941195011,"w":0.9039738774299622},"size":20.405290603637697,"orthographic":true}