{"cameraMode":{"drawMode":0,"name":"Shaded","section":"Shading Mode"},"sceneLighting":false,"audioPlay":false,"sceneViewState":{"showFog":true,"showMaterialUpdate":false,"showSkybox":false,"showFlares":true,"showImageEffects":true,"showParticleSystems":true},"in2DMode":false,"pivot":{"x":24.426931381225587,"y":1.3397241830825806,"z":-23.83170509338379},"rotation":{"x":-0.15825733542442323,"y":0.6879936456680298,"z":-0.15768948197364808,"w":-0.69047611951828},"size":1.9553683996200562,"orthographic":false}