{"cameraMode":{"drawMode":0,"name":"Shaded","section":"Shading Mode"},"sceneLighting":true,"audioPlay":false,"sceneViewState":{"showFog":true,"showMaterialUpdate":false,"showSkybox":true,"showFlares":true,"showImageEffects":true,"showParticleSystems":true},"in2DMode":false,"pivot":{"x":65.5712661743164,"y":56.61467742919922,"z":-3.165398120880127},"rotation":{"x":0.3619314134120941,"y":-0.607186496257782,"z":0.3678703010082245,"w":0.6041532754898071},"size":31.71999168395996,"orthographic":false}