{"cameraMode":{"drawMode":0,"name":"Shaded","section":"Shading Mode"},"sceneLighting":true,"audioPlay":false,"sceneViewState":{"showFog":true,"showMaterialUpdate":false,"showSkybox":true,"showFlares":true,"showImageEffects":true,"showParticleSystems":true},"in2DMode":false,"pivot":{"x":62.0579948425293,"y":9.725743293762207,"z":41.66946792602539},"rotation":{"x":-0.24201177060604096,"y":0.29359808564186098,"z":-0.07712697982788086,"w":-0.9216002225875855},"size":4.126334190368652,"orthographic":false}